                  epoch,             train/loss,  metrics/accuracy_top1,  metrics/accuracy_top5,               val/loss,                 lr/pg0,                 lr/pg1,                 lr/pg2
                      1,                 5.6216,                0.10277,                0.17538,                 5.6123,              0.0033259,              0.0033259,              0.0033259
                      2,                 4.8772,                0.17768,                 0.2988,                 5.5491,              0.0065933,              0.0065933,              0.0065933
                      3,                  4.486,                0.16391,                0.29159,                 5.5468,              0.0097947,              0.0097947,              0.0097947
                      4,                 4.3041,                0.21636,                0.34912,                 5.5124,               0.009703,               0.009703,               0.009703
                      5,                 4.0549,                0.22849,                0.36912,                 5.4981,               0.009703,               0.009703,               0.009703
                      6,                 3.8354,                0.24062,                0.38649,                 5.4807,               0.009604,               0.009604,               0.009604
                      7,                 3.6773,                0.24766,                0.39436,                 5.4748,               0.009505,               0.009505,               0.009505
